https://www.datacentermap.com/usa/virginia/ashburn/
https://www.datacentermap.com/usa/virginia/bristow/
https://www.datacentermap.com/usa/virginia/chantilly/
https://www.datacentermap.com/usa/virginia/charlottesville/
https://www.datacentermap.com/usa/virginia/culpeper/
https://www.datacentermap.com/usa/virginia/dulles/
https://www.datacentermap.com/usa/virginia/fredericksburg/
https://www.datacentermap.com/usa/virginia/gainesville-va/
https://www.datacentermap.com/usa/virginia/harrisonburg/
https://www.datacentermap.com/usa/virginia/herndon/
https://www.datacentermap.com/usa/virginia/lexington-va/
https://www.datacentermap.com/usa/virginia/manassas/
https://www.datacentermap.com/usa/virginia/middletown/
https://www.datacentermap.com/usa/virginia/norfolk/
https://www.datacentermap.com/usa/virginia/reston/
https://www.datacentermap.com/usa/virginia/richmond/
https://www.datacentermap.com/usa/virginia/roanoke/
https://www.datacentermap.com/usa/virginia/south-riding/
https://www.datacentermap.com/usa/virginia/south-west-virginia/
https://www.datacentermap.com/usa/virginia/springfield-va/
https://www.datacentermap.com/usa/virginia/sterling/
https://www.datacentermap.com/usa/virginia/vienna-virginia/
https://www.datacentermap.com/usa/virginia/wise/
