https://www.datacentermap.com/usa/california/bakersfield/
https://www.datacentermap.com/usa/california/burbank/
https://www.datacentermap.com/usa/california/el-centro/
https://www.datacentermap.com/usa/california/el-segundo/
https://www.datacentermap.com/usa/california/emeryville/
https://www.datacentermap.com/usa/california/eureka/
https://www.datacentermap.com/usa/california/fremont/
https://www.datacentermap.com/usa/california/fresno/
https://www.datacentermap.com/usa/california/goleta/
https://www.datacentermap.com/usa/california/hawthorne/
https://www.datacentermap.com/usa/california/hayward/
https://www.datacentermap.com/usa/california/imperial/
https://www.datacentermap.com/usa/california/irvine/
https://www.datacentermap.com/usa/california/jackson-ca/
https://www.datacentermap.com/usa/california/los-angeles/
https://www.datacentermap.com/usa/california/loyalton/
https://www.datacentermap.com/usa/california/manchester-ca/
https://www.datacentermap.com/usa/california/modesto/
https://www.datacentermap.com/usa/california/mountain-view/
https://www.datacentermap.com/usa/california/oakland/
https://www.datacentermap.com/usa/california/palo-alto/
https://www.datacentermap.com/usa/california/riverside/
https://www.datacentermap.com/usa/california/sacramento/
https://www.datacentermap.com/usa/california/san-bernardino/
https://www.datacentermap.com/usa/california/san-diego/
https://www.datacentermap.com/usa/california/san-francisco/
https://www.datacentermap.com/usa/california/san-jose/
https://www.datacentermap.com/usa/california/san-luis-obispo/
https://www.datacentermap.com/usa/california/santa-barbara/
https://www.datacentermap.com/usa/california/santa-clara/
https://www.datacentermap.com/usa/california/santa-cruz/
https://www.datacentermap.com/usa/california/stockton/
https://www.datacentermap.com/usa/california/tustin/
